Time,lowAlpha,highAlpha,lowBeta,highBeta
22.7439780235,455,321,333,368
23.7266130447,4781,1389,1139,572
24.7418210506,4386,1486,8982,17407
25.7385139465,5921,1021,1960,3462
26.7212469578,4378,12763,5602,5769
27.7174749374,2557,3972,2765,517
28.7240788937,6512,4505,3898,3604
29.7061040401,2646,1673,2827,4130
30.7064409256,85745,20697,28289,33858
31.7174370289,61762,55843,5127,14279
32.6952319145,25525,15523,11977,7484
33.7013309002,1088,3756,3956,3388
34.7075059414,4800,12196,9201,13109
35.6904139519,8357,759,3788,3189
36.6917510033,6612,2892,3807,1872
37.6952149868,50792,5006,11757,10274
38.6741600037,7013,7768,13665,12432
39.6843218803,6927,3279,3660,5141
40.686565876,14334,24206,9931,11085
41.6690189838,3217,3545,3359,3711
42.6692299843,44594,3805,22167,12970
43.6738510132,19846,46526,12831,18073
44.6588609219,3944,1416,5914,6900
45.6601610184,8120,10907,9464,19675
46.6451931,3783,10824,6336,7193
47.6490459442,3775,1684,3425,1995
48.6441318989,8661,2978,3532,12750
49.6302371025,6626,2771,1301,6615
50.6378190517,5930,951,55172,31567
51.6351130009,803,4344,1447,2562
52.6264998913,506,2041,952,1944
53.624119997,1705,3159,709,3410
54.631788969,14776,969,4545,7597
55.6154949665,1921,2966,4785,5227
56.614109993,8132,19509,6571,24734
57.6176469326,111189,59389,32584,13888
58.6039340496,11125,13732,5081,7943
59.6066250801,21796,26352,19942,26652
60.6064929962,59400,7785,13561,32544
61.5939540863,23778,9346,6874,14424
62.588944912,46213,10642,15194,11449
63.5964260101,2574,3693,7380,3931
64.5765058994,14961,39308,51400,16355
65.5841290951,14364,1950,8623,5233
66.5849208832,4985,2614,1909,2384
67.573884964,13931,18678,33220,4431
68.5737490654,3386,2765,780,2223
69.5788090229,1804,1741,1250,715
70.5642249584,6165,7756,4301,3570
71.539041996,19445,14713,7401,5311
72.5665690899,30435,30448,22066,22706
73.551484108,1917,12227,3905,3198
74.5357050896,4235,3466,5003,3845
75.5543971062,29062,21423,10639,11756
76.5402870178,27990,14251,15258,4610
77.5214838982,7055,8667,3249,3482
78.5440089703,1902,4653,1402,3330
79.5317730904,5740,398,2586,1687
80.5077719688,3260,5669,10204,18376
81.5336821079,9714,1723,2997,6237
82.5202798843,5400,25655,8187,10207
83.4967079163,63508,15408,31712,18663
84.5289850235,18613,19576,10311,4586
85.5092411041,7660,1888,3955,10329
86.4939749241,9031,20040,2592,6172
87.5138919353,63981,47958,19888,28974
88.4927539825,824,3032,4199,11352
89.4840669632,16466,10484,26819,23712
90.5014829636,9977,1963,3694,3375
91.4815340042,9178,4673,6504,3747
92.468159914,2661,10313,3194,4420
93.4877109528,2208,2467,2753,3706
94.4793798923,6185,13688,14625,8255
95.4603569508,4307,7779,13817,10205
96.4431650639,92357,39654,22016,19899
97.4664509296,12460,16206,4376,15929
98.4458370209,25843,14254,11907,8647
99.431853056,335,823,3209,8020
100.458776951,331,3150,2233,2879
101.442805052,6744,3270,5875,14236
102.426665068,664,1843,1896,3259
103.441406965,5194,5408,7255,3831
104.42789793,9722,4618,1647,3301
105.406738043,17680,6058,6430,9925
106.433873892,5059,10084,4669,5590
107.421448946,10540,40729,29403,60049
108.398005962,2824,3723,1549,2575
109.422911882,6466,7412,8505,8961
110.411686897,2531,1671,2795,2142
111.386732101,13081,10841,6366,5176
112.411948919,48784,10078,27797,41017
113.402024984,13776,6914,1765,5331
114.378247023,26067,39692,38693,14190
115.401900053,1605,1063,3875,2407
116.38531208,4101,4412,5982,4629
117.374680996,23155,26542,5346,5297
118.395591021,3549,2225,3810,7332
119.373374939,26816,66112,18041,41321
120.364530087,7799,21509,28980,22107
121.359582901,35364,50324,23990,26227
122.36153698,1575,2432,4911,4179
123.353358984,474,4697,7416,4192
124.352847099,10483,4626,10824,7109
125.359461069,19175,48473,66357,24011
126.340913057,560,3380,4449,5020
127.345509052,196830,17991,21816,58125
128.348346949,18899,8432,22718,15805
129.324673891,7126,14182,7760,6003
130.327900887,1761,1820,7011,6383
131.332033873,7870,21075,8389,24677
132.314598083,2851,2956,2779,6237
133.321009874,4671,3021,2016,17701
134.319268942,7656,6802,12378,3966
135.304616928,554,3257,2784,1125
136.30962491,18347,11392,26640,25352
137.317065001,5836,12023,7006,7518
138.295845032,1811,6137,1708,2013
139.300725937,1817,571,2484,2798
140.30704093,3202,6510,14221,5558
141.287070036,3051,2613,5099,6272
142.291759968,972,2027,3353,9872
143.293329,12707,11547,7449,6537
144.280842066,964,3635,2970,3838
145.274609089,5694,5012,13352,10428
146.259689093,3213,27665,6828,22355
147.263398886,7167,5202,2536,6610
148.269206047,13892,58145,23065,15627
149.245985985,4136,9750,9495,5158
150.255567074,32834,38554,11331,18862
151.257190943,4034,4691,9484,16965
152.239684105,5371,979,2366,2182
153.245599985,23677,4474,24757,11893
154.244340897,3849,1250,4264,3229
155.234423876,1878,2672,3983,5560
156.237240076,6450,3530,4110,5497
157.237081051,18237,27620,15318,27297
158.217320919,5019,3809,1050,1849
159.225529909,9357,3381,3072,6325
160.225636959,834,550,2338,6235
161.20697999,1971,1210,5319,5465
162.209465027,6695,14904,9710,8363
163.218396902,3742,2090,3462,7385
164.195691109,24348,31914,54908,43504
165.203059912,2753,3609,4994,3769
166.206942081,2120,6369,3785,5453
167.190608978,5204,6569,4430,5225
168.194582939,1845,1482,1927,1851
169.197309971,1751,1966,6618,9574
170.175643921,97717,23041,25792,27368
171.159859896,4408,4616,3299,7452
172.188150883,3724,3120,730,733
173.168237925,3503,4845,3828,1284
174.148586035,7885,6899,15257,5561
175.174567938,18842,27159,8627,11175
176.163671017,35818,30095,31660,6746
177.138460875,8430,17678,21929,35521
178.166774988,618,852,2824,6694
179.148514986,3576,2673,6839,1470
180.134505033,1325,1838,1530,1168
181.1535151,4946,1558,2879,1952
182.139643908,22131,12847,11039,30625
183.12607789,88814,36303,13517,30414
184.140578985,4376,2949,3931,4765
185.128130913,3413,583,3297,937
186.108390093,11123,4985,2682,8995
187.134942055,74964,53537,51756,23119
188.119567871,38374,16114,7219,19318
189.104526043,7810,16142,16243,20734
190.124339104,254,3698,1746,2467
191.102005005,2893,330,2050,5412
192.094784975,707,1441,932,4018
193.109886885,15789,10799,1829,3807
194.09740901,2485,1690,3487,1930
195.083566904,1093,594,1594,1298
196.061398029,10336,14203,11804,3444
197.081186056,2050,1813,3417,2826
198.072437048,12414,3017,1688,4492
199.048361063,663,1065,698,1388
200.076189041,7732,2746,6478,7767
201.060914993,41631,35839,21364,28607
202.040090084,5368,9503,9817,15608
203.064864874,25972,59898,34976,20912
204.043260098,11968,14406,8073,23983
205.030066013,2786,1362,2842,3634
206.053613901,6074,9150,4683,9208
207.036293983,3436,5013,8121,4456
208.021390915,1889,2154,1996,2282
209.053683996,16648,4970,4592,3421
210.02967,24339,69518,47785,23327
211.007255077,1897,797,1211,2923
212.032087088,7945,14738,21444,28162
213.017554998,1342,1941,801,1168
213.998501062,5388,3625,4691,13626
215.027484894,5034,2632,3780,2109
216.005942106,1128,1481,2011,3819
216.994746923,605,3819,2576,1083
218.008464098,2719,281,1014,2847
219.000047922,1906,2359,2096,7602
219.974690914,23895,11489,1733,2844
220.986397028,52883,26371,3540,10033
221.984721899,937,2613,4471,4124
222.964720964,11844,6854,8880,7708
223.973705053,50,1560,1969,1578
224.979705095,452,1516,3074,3127
225.963600874,2271,1463,1155,2853
226.964854956,18903,10024,4961,6637
227.967246056,15852,1989,1951,2309
228.952542067,9771,1949,1901,2478
229.951123953,577,1130,2209,2163
230.953583956,3100,2570,1884,1355
231.935864925,3784,3299,5187,1834
232.94510603,1796,4079,1362,2780
233.941346884,11235,2733,2534,3792
234.931416988,12165,6041,2069,5011
235.938721895,7694,5076,3012,12001
236.928833961,9000,8815,1546,5820
237.920141935,3481,1075,2273,1383
238.916362047,16532,2926,8218,5273
239.921336889,19030,21848,17535,14073
240.910326958,9562,8984,2946,12683
241.910243988,11832,3501,18898,9976
242.913547993,33763,19524,10789,4831
243.894032001,13277,16087,2287,3371
244.900070906,1361,533,692,443
245.878931046,957,5035,2051,3898
246.886209965,3329,8898,2586,1506
247.888993979,2742,1975,2356,4601
248.876717091,6998,8056,3931,2880
249.877650023,18269,6583,2474,3303
250.885288,5774,2066,1960,4780
251.857970953,2828,4926,5137,2724
252.867245913,1156,6029,17936,18551
253.86777091,5588,2450,3684,2596
254.854033947,1693,2236,2046,3205
255.85019803,5456,25497,9428,20594
256.861519098,840,2725,3202,1458
257.837461948,1874,929,2447,2064
258.847430944,2012,5130,1586,4145
259.84739995,7302,3950,3547,4354
260.833719015,1386,2244,2889,3146
261.829890966,14353,16873,11518,7898
262.838532925,263,2542,1302,3135
263.816222906,1408,1710,1550,579
264.825030088,76,1342,2832,550
265.827585936,9095,5294,8619,7370
266.812843084,755,2036,1242,1602
267.817174911,3398,4567,4654,4841
268.817543983,3800,2355,3007,5958
269.799022913,3059,5481,611,2639
270.782445908,34997,3693,17705,14483
271.804038048,8587,7563,15822,18820
272.792332888,2216,685,3261,2309
273.768676043,4477,4682,1394,2474
274.793600082,1236,2657,2036,2497
275.77926898,250,1723,5655,3367
276.757893085,5497,1027,4083,3301
277.784055948,50519,25171,25107,25835
278.770350933,13331,15462,7587,31334
279.756701946,20114,10471,1024,3610
280.777519941,2901,2953,3297,7094
281.759999037,4898,2973,1593,2994
282.745352983,4450,4333,6368,15816
283.761547089,1636,951,2508,4589
284.748800993,7094,2442,1978,1516
285.735553026,2276,26511,8199,11974
286.758085012,24985,13605,23768,22215
287.741664886,3334,4171,2412,4332
288.721390963,4530,8804,6776,7249
289.747581959,10599,24862,48838,21387
290.72913003,4989,3987,1836,1387
291.708112955,1827,5537,2091,6980
292.729247093,1404,3398,5282,3567
293.717887878,5621,1880,2607,2803
294.702651978,41061,31743,20720,21573
295.68175602,3714,17245,19744,38301
296.700417995,8762,19934,11311,7906
297.685519934,8769,2418,2355,3934
298.680468082,1280,827,5346,2545
299.695599079,93472,72248,5333,12604
300.678649902,878,776,1730,2243
301.659393072,39531,27699,40745,32638
302.686353922,10816,7158,9534,25221
303.672998905,3870,3380,3406,3122
304.648111105,7306,7511,5210,7167
305.671773911,4235,612,3707,5713
306.65772295,1794,368,5556,3960
307.650202036,4590,2093,6257,8940
308.666419983,154,3862,776,1546
309.649168968,11879,5699,10375,7843
310.628155947,26239,16824,7691,14297
311.653969049,7006,4980,5180,2649
312.637064934,11220,2845,8119,5398
313.615727901,7307,1806,3172,4244
314.642724991,826,5704,3556,18298
315.629404068,14352,66038,64322,30682
316.605638981,7036,2698,1869,1029
317.632818937,10816,6364,12975,11234
318.616846085,6699,1189,6284,8671
319.595658064,1663,1339,1847,5188
320.606589079,2393,4078,6544,5452
321.608090878,33121,14761,8555,4970
322.593307972,4103,8287,6839,3774
323.596844912,3583,9614,10166,6538
324.597800016,28283,12275,10748,28381
325.578181982,4934,20913,28813,24406
326.587933064,11882,2542,2153,4273
327.586920977,7452,2047,5575,4215
328.572963953,30886,20796,21456,6279
329.567111015,21066,20958,16868,9764
330.576972008,11601,8045,18537,45544
331.559614897,19325,39237,25314,30993
332.558222055,2544,1627,4228,4860
333.563154936,6969,30059,13281,15252
334.544504881,802,2669,3378,12639
335.553278923,1288,879,595,996
336.556993961,5227,3536,2997,2610
337.535844088,9899,3518,5224,1473
338.543229103,10498,4560,3645,5597
339.54479599,3428,7270,4053,2928
340.523058891,29210,35821,26919,29541
341.529637098,4971,4584,6032,4406
342.528320074,31978,40698,18498,22636
343.521861076,1310,1257,1248,2499
344.521703959,4177,1768,7421,3450
345.500659943,6819,25927,50546,28384
346.507989883,12249,3127,9134,3590
347.513500929,3954,1574,1417,1234
348.488178015,3431,2790,808,5126
349.498082876,2231,2790,631,3686
350.497260094,3221,8330,2597,3960
351.483201027,4753,2743,3547,3613
352.488069057,3786,3863,2710,4203
353.488137007,4104,4429,1332,3981
354.4695189,3076,3163,2911,3936
355.470715046,545,1212,1868,456
356.475713968,9176,3383,9095,6967
357.463531017,12967,13007,13362,9227
358.465528965,2021,508,3126,2454
359.463154078,7788,11008,15854,9275
360.445723057,4203,1363,5965,3602
361.454602957,78212,15267,19766,30168
362.45719409,5535,1852,4036,1272
363.435684919,4668,6995,3300,3753
364.442307949,18622,6241,13472,4447
365.448137999,5819,3475,4589,5306
366.424916029,2150,765,2580,2591
367.433376074,2359,2213,2535,3390
368.438328981,3138,1082,1965,2214
369.418395042,2415,3170,1487,4380
370.400911093,623,1883,1409,2189
371.428849936,3859,2442,3679,4520
372.404923916,2074,2232,3312,1284
373.388330936,2177,3007,1040,2327
374.413484097,966,528,4332,2542
375.400913,1504,2283,2456,3495
376.377181053,6102,4333,3126,1745
377.4021101,1638,666,1470,2736
378.393394947,1858,406,1810,4694
379.367120981,9289,10935,6784,7974
380.389589071,2862,5047,24297,20984
381.373507023,2725,3316,3653,4074
382.359746933,18248,20456,17361,15939
383.377207994,4539,4298,2809,3971
384.369786978,3627,1500,3828,3664
385.348506927,4452,9830,7525,11109
386.374751091,3014,2374,6748,5492
387.359658957,6230,4099,4071,3331
388.343813896,1175,1892,833,653
389.362243891,596,1043,2326,1392
390.345226049,10758,3005,1448,1955
391.333929062,2707,3752,4686,16894
392.35124588,1447,1149,2991,1279
393.336366892,5333,11487,3946,2791
394.322644949,3837,4630,10046,2656
395.303960085,2509,4801,2797,2269
396.326087952,6818,6880,2248,4701
397.312344074,10165,5209,8282,2047
398.288707972,3436,4648,3282,1898
399.318825006,3103,17547,12262,9693
400.293613911,1189,2224,3975,2283
401.287646055,1778,846,2989,1819
402.306421041,8608,8073,6629,10374
403.28977704,8994,10089,13204,4214
404.267414093,9788,1876,2684,916
405.29645896,9678,8399,3041,9030
406.278872967,2594,2626,4948,6392
407.260293007,14545,731,2171,1709
408.286468983,3584,976,890,2757
409.27364397,4004,10583,10140,8976
410.254091978,548,7410,2380,4870
411.269958973,1316,983,990,5878
412.256503105,6681,2470,6059,2079
413.245563984,6086,9443,9283,8470
414.262712002,33399,80011,13844,17421
415.254128933,7682,10434,1523,2355
416.225514889,4910,4406,3366,1864
417.249047995,2651,830,1406,8074
418.237978935,7855,4203,4591,4812
419.21679306,2989,1688,2218,4676
420.221261978,2871,1462,1312,6173
421.229158878,2291,4793,5385,1619
422.205544949,2720,3467,7865,15515
423.209115028,2864,2774,1842,3188
424.214924097,21099,9309,7909,10842
425.20303297,1283,4443,4353,4360
426.201607943,2696,1810,5097,1510
427.206279039,8401,3866,8883,4878
428.193101883,1745,404,4981,2951
429.186325073,1313,1991,1864,1941
430.196105957,7573,2360,1794,3185
431.1813941,6126,2909,1018,4490
432.183998108,2490,669,3084,2066
433.182614088,29997,11997,14805,13008
434.163698912,1461,2832,3203,4731
435.166209936,3905,1498,3040,3428
436.177434921,2586,4432,2257,1696
437.161170006,1263,4542,3388,2445
438.171519995,36534,16195,15665,11430
439.16125989,845,1266,857,1624
440.14121604,1408,1701,1768,1851
441.15384388,1914,3493,2231,1349
442.151239872,3834,3858,12091,7699
443.138989925,1376,3299,13024,8947
444.136523008,11305,3915,5396,6030
445.126625061,1763,1092,3182,2783
446.127763033,58236,36742,7959,21748
447.13784194,927,2801,4821,2057
448.109165907,656,1381,1119,3886
449.121288061,1571,1504,975,2292
450.114151001,1040,255,881,4147
451.097934008,4152,6901,2913,7919
452.106672049,1948,2894,1499,1136
453.106709957,980,1771,1126,1182
454.095424891,11610,7627,5551,3539
455.099040985,1900,1711,2237,2310
456.093990088,11553,4231,12610,3862
457.076725006,5479,2467,4993,4435
458.085577965,6551,2117,5604,3751
459.085824966,7417,5491,7367,9034
460.075805902,1504,2331,2350,6690
461.069453001,16536,44567,69647,30764
462.080455065,6104,6225,7597,7675
463.060801983,48638,15465,25353,12693
464.058229923,3545,1826,3899,3111
465.062967062,1227,1257,2205,2649
466.052135944,994,2017,3218,2152
467.051961899,1464,3266,845,2206
468.059666872,2211,2613,1267,1351
469.0423069,1917,2314,866,2484
470.0207479,21077,5875,7340,11069
471.045366049,913,851,931,807
472.031756878,6672,3547,1764,1868
473.008061886,550,2188,726,3678
474.039773941,1288,603,1599,2548
475.023072958,1458,2854,1240,1439
476.000573874,2195,3226,2723,2118
477.027064085,766,214,377,593
478.0093081,1031,1540,2255,3546
478.987004042,2639,1710,1052,1478
480.016757011,2870,1391,606,1606
480.997149944,313,581,1756,2288
481.979682922,397,2733,1832,3890
483.004546881,9938,5216,2599,1454
483.989402056,11892,6996,10062,18796
484.96698308,1610,2895,4515,3353
485.994564056,6361,6412,6548,4228
486.980607986,329,2761,1847,4934
487.955759048,31707,25732,43381,25856
488.986042023,11076,10298,28700,26281
489.96223402,112957,16743,4579,8525
490.948180914,4459,7941,21786,5096
491.976975918,2027,1338,3192,1558
492.956885099,1131,1160,2072,3817
493.934319973,2423,1720,3224,4069
494.917097092,3097,1404,1819,1500
495.943192005,5378,1239,2382,5904
496.924813986,4122,4290,4969,8606
497.91080904,2184,397,1846,4318
498.935519934,11331,17235,2832,11412
499.919939995,7297,29666,7987,23637
500.911207914,18150,34950,17105,10061
501.925672054,698,246,2086,2759
502.912545919,3697,4251,4597,13580
503.897161007,512,731,2548,7015
504.917320967,2886,2251,1663,2268
505.902399063,19113,39594,9575,15570
506.888164997,26367,11407,7218,8910
507.90706706,14072,18765,15152,13591
508.887166023,18395,3675,8853,15765
509.879716873,398,1289,4669,2104
510.897181988,7307,4550,1720,3394
511.879702091,12696,14041,6156,7179
512.864751101,680,1586,1876,1026
513.883482933,449,481,1941,1199
514.867496014,477,801,821,1163
515.852655888,928,2378,3155,5338
516.870790958,3635,5657,3489,852
517.857194901,1382,2283,732,3301
518.838876963,4790,8117,10166,12674
519.845128059,1027,1920,1888,1712
520.846929073,5955,6870,10311,6325
521.82473588,960,1048,2678,776
522.837044954,2332,1902,2735,2682
523.835959911,4530,4588,5206,10294
524.814739943,1752,1330,322,3170
525.826063871,8022,5635,6743,7327
526.828603983,2983,1407,2949,2457
527.812267065,2455,475,4180,2753
528.810868025,2517,1065,1836,2909
529.809720993,473,1311,3670,1354
530.801337957,1656,1546,2855,3203
531.805299044,16462,16073,11406,17789
532.806339979,965,2450,3507,2438
533.791493893,25156,17578,18155,14295
534.791435957,7882,3861,3342,1186
535.794872999,1979,3361,5786,1981
536.772716999,3364,138,1944,1051
537.782424927,8193,7652,11145,9407
538.782885075,8910,16180,7502,6306
539.770143986,866,725,3805,2627
540.774919987,2977,712,3018,2560
541.772262096,2322,1048,2526,2210
542.752104998,1293,1864,1293,3364
543.759903908,1650,4405,7817,18224
544.741112947,444,911,2531,3605
545.745985985,1855,9490,4011,4931
546.750302076,6315,3921,4053,3195
547.729888916,3662,4614,5815,3849
548.740211964,314,3848,2037,1051
549.73409605,10154,1677,1937,2680
550.719863892,6868,5496,2796,3464
551.726497889,293,2295,1371,6275
552.729106903,22664,24372,18839,13592
553.712577105,2057,1221,5435,6524
554.716504097,1919,7126,4896,5162
555.718950987,14659,2496,2675,3526
556.697933912,22219,45194,18251,11631
557.699179888,27769,12453,9584,14277
558.707735062,16189,4667,2561,7039
559.695549011,5942,7661,9937,5944
560.696209908,1275,1170,5611,16092
561.697575092,2338,3115,1913,5795
562.685075998,1435,1710,3052,2161
563.687572002,678,2439,877,2881
564.688735962,1436,4123,3091,2940
565.666378021,905,2484,1153,4354
566.677589893,5319,5561,3600,19041
567.673053026,940,2342,4148,7616
568.661395073,1841,1761,1904,5642
569.640160084,654,162,2594,4696
570.66385603,2254,1803,495,4548
571.645097971,4404,2104,18823,24312
572.636391878,3283,930,2150,5747
573.656707048,3865,6216,4111,5895
574.640194893,2050,3421,8938,29764
575.617690086,1102,338,1355,8180
576.648930073,6683,1757,896,23942
577.630213976,2182,669,3986,9624
578.619009018,6003,3071,3103,10870
579.635096073,6062,4714,3899,11593
580.612626076,67891,39668,17582,25578
581.605204105,3182,7812,15117,35096
582.620167017,5607,8144,11736,17826
583.608746052,521,1791,4032,7005
584.597728014,1873,1215,4230,23099
585.61145997,1075,2860,4082,5303
586.601428032,681,590,3392,7249
587.576261044,13820,25810,5927,14289
588.597663879,3684,2235,1609,7463
589.590233088,5532,1538,1919,4387
590.567786932,625,1214,2978,4268
591.59274888,6495,3016,2427,5968
592.580236912,917,39824,19009,7451
593.556552887,77016,99186,25160,117386
594.539207935,48940,8518,34181,29705
595.560265064,1416,3337,4445,6303
596.54407692,2781,1221,2429,8326
597.532910109,23710,5387,9203,34586
598.554058075,4250,779,1460,2010
599.542926073,7253,47502,17457,12365
600.519190073,9146,6572,13698,19203
601.540457964,4497,3614,1352,2780
602.530471087,8293,6593,1308,1722
603.509228945,2084,6380,3392,4748
604.53518796,2663,2445,10898,20461
605.520507097,1037,1080,5299,8365
606.497899055,1294,651,2602,3011
607.525722027,160,1728,4919,5396
608.510447979,4477,9282,9845,16574
609.495809078,3509,38129,14452,19262
610.517889977,2032,5781,2254,7428
611.492156982,16352,5771,23466,12423
612.477138996,21206,11849,19475,21432
613.504646063,23634,12148,23149,23654
614.513251066,3696,3194,3719,4432
615.468017101,33640,38477,10901,12600
616.489568949,1750,1104,1083,7700
617.472095966,1891,5911,1826,2725
618.463063002,3383,1038,834,2446
619.463145018,5303,2759,2624,7297
620.461894035,9649,1975,2961,4024
621.445982933,4557,2094,4924,4775
622.452143908,215,314,1095,6277
623.458357096,682,497,335,618
624.443281889,12547,2184,1247,2922
625.444730997,6213,13377,9960,11294
626.444587946,6732,1253,5274,3371
627.424768925,7853,11153,7223,9159
628.433495045,1526,721,928,2922
629.436141014,15153,5692,3772,2598
630.418480873,298101,37690,101300,28485
631.417228937,5495,3058,5142,3447
632.424719095,2170,937,2921,5124
633.403627872,14790,2926,7690,3334
634.412415028,5012,2637,13972,2726
635.418236971,54855,15340,53301,22288
636.399882078,4189,867,2682,5500
637.396138906,1296,1726,2634,4039
638.4035151,1966,1482,5305,4019
639.381979942,3543,5446,3330,3796
640.391103983,492,1979,1294,4122
641.396141052,824,4088,862,4090
642.379739046,6045,6693,2352,4035
643.380728006,3319,1946,3053,4399
644.359750032,25135,21866,8531,20627
645.369487047,1945,2661,1547,3297
646.364877939,2226,4160,2392,2548
647.355931997,22823,3160,4773,2851
648.350918055,8050,2122,5937,4535
649.359797955,2095,5089,2253,2119
650.338577032,1209,9771,3569,4808
651.348300934,24961,3418,1947,12802
652.348334074,7693,4858,5640,5744
653.334664106,34740,20248,18685,29238
654.33712697,18644,4799,17908,19933
655.333605051,21746,15152,9356,9671
656.32486701,10091,7415,2628,3029
657.32002306,371,549,1637,2252
658.334884882,4109,5269,7830,7751
659.313606977,643,1399,323,1861
660.317529917,120,1015,1390,1793
661.324619055,4112,9797,2816,4599
662.297180891,1269,3100,2664,5743
663.298578024,7904,535,1623,2150
664.307053089,2757,4902,4293,20132
665.293812037,3362,5160,4144,2641
666.294779062,1432,1497,3377,7181
667.306267977,3576,2998,2816,5325
668.281281948,3321,1369,2630,5469
669.26394701,1838,6627,2283,2649
670.284652948,13678,24438,10905,4221
671.272526979,899,848,2136,917
672.248568058,1078,1752,1244,4354
673.277345896,377,372,620,788
674.25386405,4630,2158,3456,4114
675.246288061,2771,888,1901,5695
676.264667988,17748,5299,10868,4739
677.24882102,288,859,1526,735
678.236521959,666,21234,40747,6043
679.251405954,4399,3421,4772,4275
680.23499608,734,3061,11341,3255
681.218811989,1442,3963,4084,4605
682.24384594,45990,14370,25449,9931
683.228377104,3250,1744,3004,1750
684.20719409,11263,34753,9515,12982
685.232044935,12576,22892,27228,15989
686.218611956,2135,345,1293,2098
687.198940039,9862,13041,13247,8951
688.22398901,2451,569,2165,949
689.207788944,52271,30549,44179,50661
690.187587023,1164,1135,1974,2731
691.210125923,1597,4526,930,4233
692.198577881,4867,4638,2285,2888
693.183655977,644,2028,903,2380
694.172472,10758,7243,16432,6537
695.18612504,642,482,2134,2301
696.172420979,2472,2168,1541,2318
697.151030064,12666,12993,8820,5715
698.173636913,894,1314,1898,3270
699.162215948,6688,2372,1532,1822
700.138783932,25962,29883,8537,6024
701.168674946,5847,1520,3295,3280
702.153621912,33607,17712,23520,17763
703.138828039,412,1644,2557,1417
704.154999971,48411,22873,9379,7530
705.137448072,13623,1136,5051,12868
706.1214571,54155,10316,19376,21662
707.14783597,6007,3619,1643,2656
708.13150692,9780,5730,2365,4021
709.117567062,7061,5778,16131,4488
710.133961916,1626,2190,2048,1514
711.120008945,2425,3901,3824,4871
712.101272106,35828,15707,13907,12644
713.121378899,7454,3068,3018,2984
714.111232042,15016,17269,10234,12516
715.09373498,4492,5273,2322,2922
716.108581066,10565,31150,14235,8718
717.097323895,723,370,1806,372
718.083734035,31235,27689,9349,21604
719.082638979,6387,2445,1233,1422
720.081283092,2293,2250,2258,3129
721.070446968,14648,7133,6436,11410
722.076725006,17998,2187,7617,9425
723.076272964,524,293,2904,2653
724.062728882,1143,1834,531,1464
725.065023899,928,1763,4024,4757
726.06496191,4781,1630,4139,1486
727.052715063,4327,2656,2862,6230
728.052512884,1935,2902,4504,2133
729.053881884,2702,5196,12294,15865
730.036604881,27448,25345,15403,15453
731.042537928,29294,33823,20102,5789
732.049079895,3022,9168,14334,8317
733.027920008,4633,12429,2598,7089
734.025218964,3924,7271,4356,939
735.031244993,17511,10755,8567,5736
736.014025927,15838,6279,28214,14394
737.021477938,2891,1829,4146,2437
738.020030975,6760,3423,3891,1549
739.001471043,13551,23848,19518,9814
740.011909962,2272,5615,2955,1855
741.015162945,3760,9965,5706,25170
741.995124102,9117,938,563,1416
743.000319004,3922,2042,2647,2141
743.986639023,6679,2000,13225,6000
744.985358953,12774,8432,12696,7030
745.987837076,2968,1591,1366,2638
746.973865986,9194,10084,2779,866
747.976285934,1519,2149,591,1253
748.979137897,19719,9602,9392,5504
749.959084988,2141,1885,3666,2253
750.96015501,9014,3023,3477,919
751.970547915,4053,1715,3733,964
752.946700096,15358,11316,15432,16852
753.958010912,1911,3556,1744,1963
754.957997084,878,3021,950,1166
755.93698597,1214,1683,4742,2958
756.948224068,3567,3009,2272,633
757.948402882,18621,8379,14586,6292
758.925143957,479,4221,3378,1848
759.93898797,19949,17643,23920,4426
760.940228939,473,2275,3395,675
761.920365095,833,390,2361,2245
762.922730923,1620,3041,3630,2085
763.925149918,1127,543,1354,1224
764.904303074,2623,2894,2157,766
765.915190935,31718,14249,10637,7372
766.919250965,4456,1064,5872,1449
767.894124031,5015,3764,2308,1174
768.886661053,1210,670,5164,1145
769.903081894,773,456,646,1416
770.916646957,2473,1412,2226,1400
771.867920876,1738,3082,3728,13258
772.89302206,768,995,1349,819
773.886753082,15428,15260,2802,8025
774.859580994,3977,1420,2737,1175
775.881651878,1714,3630,972,1736
776.867925882,4761,8581,5269,1365
777.859630108,19242,7463,15361,11213
778.871532917,371,581,1953,1557
779.861922026,880,644,438,1323
780.839585066,4558,1660,3843,1719
781.859061003,10142,9427,6120,3274
782.846884012,4759,6078,6224,1648
783.834259033,1152,2602,1850,990
784.854168892,3306,2308,2471,697
785.835287094,1892,4333,1108,3133
786.821718931,1976,4466,4184,1991
787.84317708,7138,14649,11079,7325
788.825362921,89080,7414,16781,12192
789.814174891,29347,55616,18195,23501
790.831012011,21215,21297,10897,12210
791.81091404,5895,2308,7046,8007
792.803006887,1640,111,2739,1662
793.780790091,1447,1966,1710,3622
794.809443951,8118,16557,6178,11301
795.783324003,2561,4721,1452,5601
796.772047043,1717,1756,1465,2005
797.795672894,2426,5240,3069,4354
798.781991959,16048,7119,8380,5735
799.761837006,5633,7366,18044,8852
800.78193593,1384,7342,673,2015
801.768043041,2767,2362,2020,2516
802.749595881,1895,2662,1864,3603
803.771735907,1064,1473,3229,3049
804.753311872,2271,1535,1356,919
805.74435997,1376,994,1743,2333
806.766797066,730,2585,3898,2115
807.750761986,533,2122,17900,8691
808.725832939,66635,18441,17282,7438
809.755706072,14759,7728,4396,5538
810.735574007,1568,2530,2778,4799
811.724556923,1281,674,6227,6977
812.744602919,12301,72529,32001,16127
813.729506969,868,600,3510,4428
814.705688,6201,1381,1952,2550
815.734507084,3679,2596,2111,2854
816.719402075,708,944,1570,4011
817.695897102,33297,16548,22907,6911
818.702538967,2147,1616,2176,3863
819.708287001,37253,32789,10312,7019
820.685975075,1833,2887,3819,2590
821.692125082,3467,1354,1573,1916
822.693152905,1818,3421,5349,5615
823.681464911,1087,11532,15949,22435
824.685904026,4225,2091,6138,4911
825.686889887,3099,1805,4408,2621
826.671927929,1714,8514,2211,1535
827.673435926,29708,5644,7560,11913
828.678189993,2443,1763,2732,4309
829.657058954,893,1284,3308,1881
830.66356492,109,1715,2449,1969
831.662327051,6384,1457,2557,3493
832.642204046,3554,1716,4004,3355
833.653307915,6023,6961,14940,7041
834.649456024,631,3856,2021,4304
835.639448881,3813,268,4147,3118
836.642002106,4136,6128,8385,11914
837.644576073,1690,1555,2675,1171
838.622432947,8954,24936,114765,14108
839.632061005,37629,10010,25620,13369
840.634562016,14824,14024,14701,8459
841.615833998,1181,4808,3387,5025
842.614576101,7730,2342,6849,6191
843.59868288,4384,1274,4536,4485
844.607130051,3102,15818,19570,11614
845.609585047,17193,3754,6680,2278
846.593497992,1416,3491,4751,10213
847.597121954,44277,16666,5481,11384
848.593400002,47150,19786,5110,21738
849.578451872,6482,5242,2905,3271
850.584785938,1446,5629,3481,2034
851.592235088,1393,10236,6287,3710
852.574969053,1303,2242,2803,1621
853.575965881,860,1926,2194,1140
854.577349901,1496,6451,3652,1760
855.556499004,1432,1360,2240,2571
856.56518507,3441,2404,5562,2514
857.563878059,3893,190,2115,2452
858.545388937,12028,22972,11638,5446
859.556017876,2722,1378,11632,2622
860.553689957,26237,18354,19668,27650
861.53975296,69137,12995,12483,14861
862.537335873,2000,770,1874,2440
863.544796944,2134,3960,5135,2627
864.536282063,833,5042,7164,1832
865.527301073,9680,968,1316,1676
866.531264067,2628,1918,2724,3633
867.517251015,12296,9679,13549,7899
868.505002975,3781,6670,5689,975
869.524729967,39418,23034,6270,9300
870.509774923,5429,2251,3196,2396
871.487511873,762,1794,7488,1757
872.517488003,4198,800,2840,759
873.502532959,494,2099,9640,1498
874.478868961,21457,7350,7437,7314
875.50632906,937,2536,1484,6634
876.490117073,6007,4322,4860,3121
877.466353893,51,1190,4543,1768
878.507607937,12106,13492,12398,23621
879.478789091,8026,3027,3550,3609
880.464927912,3383,4655,2469,2016
881.478790045,8333,1087,907,1169
882.470319986,7751,15766,4905,16655
883.451363087,3282,3826,2828,3765
884.472739935,7875,2380,2275,2738
885.45746088,2918,4954,6907,6662
886.439954042,2124,3339,8522,6379
887.458920002,13261,2194,24915,32266
888.443557978,1171,2971,3801,4162
889.425076008,3626,2369,6118,1878
890.45253396,2124,3006,2684,6296
891.433643103,3267,3355,3164,4088
892.420058966,11534,8422,5408,18284
893.402847052,6572,2915,1564,1861
894.427737951,8378,8408,11869,10775
895.403748989,3858,10937,17012,24356
896.387491941,2032,1878,4343,1157
897.417690992,2031,2386,5693,5181
898.392735958,5285,2019,4150,6854
899.377541065,2618,1180,2744,2667
900.406457901,1036,3949,1024,1394
901.386493921,11496,12441,10048,15227
902.374141932,16156,688,11393,7601
903.397825956,3265,1723,1980,1984
904.38140893,8626,1425,3258,3045
905.372768879,4348,12977,7293,3745
906.382817984,16542,18453,13938,9864
907.370090961,9796,1462,2354,2160
908.345251083,8498,3597,3069,2793
909.37500596,6602,7330,6883,10575
910.350080967,3618,2063,4695,1912
911.337959051,1194,2010,1804,1765
912.359092951,1990,4951,1151,1943
913.34630394,1942,3289,4586,2325
914.340176105,2363,7019,3366,1505
915.3528409,5567,969,2410,3297
916.335396051,3926,656,867,2257
917.317993879,53453,5112,17859,16236
918.316493988,8868,1993,4894,3343
919.320369005,3358,1795,1394,1979
920.303024054,7152,2960,10844,3047
921.311557055,8817,3335,3368,2794
922.316596985,24697,11377,28461,8454
923.305267096,2870,5695,9522,1912
924.298196077,12432,5486,6215,5666
925.306557894,18548,16667,4186,3899
926.284386873,23487,9851,25882,23511
927.290352106,2761,1243,1720,3099
928.289171934,257,946,1691,2023
929.281450987,1023,13177,8101,7812
930.281477928,6984,1638,955,3713
931.295240879,9068,5823,3549,2411
932.2727561,5559,8140,3628,1480
933.274477959,1946,2742,8965,3076
934.274178028,6553,10648,6707,3507
935.250391006,848,303,505,919
936.255409956,1616,1029,2697,3588
937.260513067,6238,3041,1458,1837
938.24652791,50990,30088,9258,10770
939.250304937,11050,3354,6245,7666
940.252830029,6973,11439,5425,4573
941.235229969,3694,2003,12059,4539
942.241960049,3287,2182,3846,4342
943.225482941,4172,3081,1824,5061
944.226821899,9686,5964,4698,2822
945.231585979,21070,4963,8364,6573
946.214384079,27247,63757,45598,19677
947.217833042,21216,41778,7104,9826
948.215609074,2375,1550,2141,2213
949.201852083,3132,4057,4714,7928
950.200423956,1415,2000,1638,2455
951.206609964,1760,137,356,1004
952.185544014,2933,983,722,1378
953.198040962,9956,3207,2003,4850
954.19788909,14101,20913,27884,6809
955.1803689,6977,3856,8769,1725
956.178164959,12600,4613,10098,7501
957.184169054,1648,15988,3155,4220
958.171766996,27327,2529,5931,4809
959.172884941,3858,903,9676,2476
960.175765038,3920,545,2156,1790
961.160762072,6169,16463,5659,11641
962.161927938,26903,17971,9691,31993
963.161972046,3436,8757,9741,7348
964.157008886,22723,5954,15779,5602
965.154290915,29147,9172,18749,5553
966.155710936,12806,8435,5988,8875
967.143578053,8758,10219,3500,8990
968.119596958,4887,8537,4499,4811
969.14218092,2854,1611,8116,3480
970.129383087,3737,21697,1626,5151
971.108315945,5855,2845,1634,2931
972.13201499,12290,1614,9346,3816
973.119493961,106564,33643,24483,36920
974.105755091,1514,4942,1279,4060
975.119471073,14107,4264,4419,4972
976.103106976,994,493,1219,979
977.087027073,11331,2428,3924,3038
978.11203599,15270,21672,7747,12742
979.094652891,18147,6780,24279,6448
980.078310966,21760,31878,29704,14827
981.109517097,15012,11235,10183,25459
982.086765051,1020,6670,4373,5888
983.072110891,8896,1718,4676,5326
984.094556093,3324,1351,1911,3946
985.079672098,4945,22773,4466,19477
986.054610968,22217,27178,13775,7667
987.078049898,27370,21446,6482,10223
988.068191051,3545,1835,2331,945
989.05218792,6114,11612,4576,2981
990.075952053,1336,998,912,2090
991.055963039,2845,1075,1667,4322
992.039717913,9432,1062,3241,9495
993.020997047,85912,17022,34368,39601
994.048404932,1430,1657,2092,1491
995.023468018,4363,4381,4985,2362
996.008441925,508,2482,3713,3862
997.037082911,6774,18150,19486,8415
998.021029949,26776,14215,29124,11660
999.005834103,2734,1755,2628,1496
1000.02448201,10335,1051,1730,1579
1001.00733805,4484,4860,4297,2952
1001.99475598,2470,3030,3095,1835
1003.00830007,30412,25550,8430,11156
1003.99092793,2300,2367,1274,2579
1004.97736502,4161,1747,1585,2086
1005.9997499,16542,12728,986,2804
1006.98611403,1090,2022,3135,2295
1007.96738911,1550,4268,2844,8556
1008.99736691,13815,959,3267,3098
1009.97737002,3363,846,1599,2979
1010.9598,873,2752,1649,1798
1011.97851205,3134,2308,2032,802
1012.96716905,3220,5673,4643,3230
1013.95362592,4261,14985,12344,9479
1014.97112489,7530,9075,1940,5137
1015.95103598,188,7708,9116,3530
1016.93491292,18254,3056,4428,2295
1017.94618797,19704,8983,6776,11783
1018.94107008,5694,9244,1643,4696
1019.92588711,723,1788,4535,2754
1020.92871094,618,2410,7608,2882
1021.92967105,3267,1794,3550,7563
1022.92247391,3197,4396,3936,5776
1023.91617489,14658,5911,3403,3225
1024.92364001,11299,8956,9138,5040
1025.91117191,14040,5329,3810,4504
1026.91359496,3129,1048,764,1340
1027.91729593,2724,940,1662,2834
1028.90125489,3278,1894,2071,1878
1029.8947351,5699,8425,16339,7685
1030.90257597,13735,2860,13415,6190
1031.88989401,2106,41120,29342,27955
1032.893466,31293,51279,9538,20808
1033.89221787,8618,897,1272,2281
1034.87346888,363,138,958,1473
1035.88001895,523,225,1498,1868
1036.88593888,308,1551,1219,2603
1037.86750102,2063,2633,1390,3824
1038.86366987,275,1237,2341,2173
1039.86838794,1584,962,1081,1694
1040.85125494,9371,4750,11231,6735
1041.86017299,3036,2177,866,311
1042.83744597,2616,739,954,3512
1043.84001398,864,2657,661,2274
1044.84764409,963,4265,6133,2322
1045.832443,17463,4484,4579,8486
1046.82997489,1978,7711,16088,2441
1047.83743906,49168,11346,4366,6732
1048.81643605,1286,4236,2660,1286
1049.825068,5727,4480,15010,12116
1050.831429,3062,1114,1346,1401
1051.81015611,4813,2041,6302,11922
1052.8127439,1052,1378,1152,2354
1053.81377506,9979,5349,2069,1850
1054.80391502,452,1911,1835,1252
1055.79886007,9381,5858,999,3151
1056.80731487,4366,5273,11316,16233
1057.79147696,2362,3379,3153,1675
1058.78881502,6076,3218,12181,4282
1059.7989471,1694,3947,13251,12219
1060.77526689,770,10978,3689,2943
1061.78619599,2314,1428,7723,2189
1062.78892589,7292,893,751,933
1063.76920891,1326,3088,3132,3157
1064.77249289,2611,1757,2068,2719
1065.77319598,5970,12772,27842,10171
1066.76155591,3387,978,7855,2546
1067.7390089,28122,9598,7820,24778
1068.76017904,1192,3590,5753,3265
1069.75148606,3748,1700,3668,2550
1070.73409796,24689,2317,14680,10795
1071.75270295,1830,3075,5939,3579
1072.74141097,3046,1303,2391,5265
1073.72029305,634,380,944,1652
1074.74405003,4163,3191,9662,9030
1075.72785807,15999,26938,23535,11885
1076.71508098,2473,1219,2691,3828
1077.72775292,1660,1919,763,1935
1078.71649599,592,1015,2635,1236
1079.70411491,6257,4385,4617,14475
1080.721313,7278,3739,2912,1872
1081.7063539,10233,7258,2693,2897
1082.6915791,1124,8035,4179,2809
1083.7190659,1219,5274,7197,2790
1084.69899702,3845,6780,5254,1301
1085.67411208,940,608,2369,3122
1086.70141888,2566,2888,1565,2866
1087.68627501,7300,3357,6071,5088
1088.66772199,21681,6142,2465,3956
1089.70413709,18118,11523,10749,9360
1090.67640305,307,5859,4735,3756
1091.6541431,6903,2606,5007,846
1092.63917494,5760,985,6149,5291
1093.66407394,4215,3038,3827,4985
1094.65170002,7697,2370,16240,24130
1095.6266911,2457,3632,7472,8904
1096.65662193,8013,10377,11486,6998
1097.64150405,1750,1647,7604,3706
1098.61423802,29774,12956,10574,26599
1099.6441431,5553,14387,20419,6664
1100.629143,9084,21767,14821,18726
1101.60529804,6453,5278,1910,2951
